Accident Type,count,percentage
Minor,37990,63.31244583694421
PDO,14228,23.711752549830013
Serious,4445,7.407839477368175
Fatal,1779,2.9648023465102327
property damage only,660,1.0999266715552296
Pdo,422,0.703286447570162
P.D.O,218,0.3633091127258183
pdo,120,0.1999866675554963
POD,119,0.19832011199253383
